Sex	Age	Year	Month	U07	U08	U09
M	0–4	2020	Januari	0	0	0
M	0–4	2020	Februari	0	0	0
M	0–4	2020	Mars	5	0	0
M	0–4	2020	April	8	0	0
M	0–4	2020	Maj	12	0	0
M	0–4	2020	Juni	7	0	0
M	0–4	2020	Juli	2	0	0
M	0–4	2020	Augusti	2	0	0
M	0–4	2020	September	1	0	0
M	0–4	2020	Oktober	8	0	0
M	0–4	2020	November	16	0	0
M	0–4	2020	December	18	0	0
M	0–4	2021	Januari	13	1	0
M	0–4	2021	Februari	11	0	0
M	0–4	2021	Mars	15	0	0
M	0–4	2021	April	17	0	0
M	0–4	2021	Maj	16	0	0
M	0–4	2021	Juni	2	0	0
M	0–4	2021	Juli	4	0	0
M	0–4	2021	Augusti	4	0	0
M	0–4	2021	September	2	0	0
M	0–4	2021	Oktober	5	0	0
M	0–4	2021	November	5	0	0
M	0–4	2021	December	20	0	0
M	5–9	2020	Januari	0	0	0
M	5–9	2020	Februari	0	0	0
M	5–9	2020	Mars	1	0	0
M	5–9	2020	April	3	0	0
M	5–9	2020	Maj	1	0	0
M	5–9	2020	Juni	1	0	0
M	5–9	2020	Juli	2	0	0
M	5–9	2020	Augusti	0	0	0
M	5–9	2020	September	0	0	0
M	5–9	2020	Oktober	0	0	0
M	5–9	2020	November	1	0	0
M	5–9	2020	December	8	0	0
M	5–9	2021	Januari	1	0	0
M	5–9	2021	Februari	4	0	0
M	5–9	2021	Mars	3	0	0
M	5–9	2021	April	4	0	0
M	5–9	2021	Maj	2	0	0
M	5–9	2021	Juni	0	0	0
M	5–9	2021	Juli	0	0	0
M	5–9	2021	Augusti	1	0	0
M	5–9	2021	September	2	0	0
M	5–9	2021	Oktober	1	0	0
M	5–9	2021	November	0	0	0
M	5–9	2021	December	3	0	0
M	10–14	2020	Januari	0	0	0
M	10–14	2020	Februari	0	0	0
M	10–14	2020	Mars	2	0	0
M	10–14	2020	April	3	0	0
M	10–14	2020	Maj	4	0	0
M	10–14	2020	Juni	4	0	0
M	10–14	2020	Juli	0	0	0
M	10–14	2020	Augusti	2	0	0
M	10–14	2020	September	0	0	0
M	10–14	2020	Oktober	1	0	0
M	10–14	2020	November	6	0	0
M	10–14	2020	December	10	0	0
M	10–14	2021	Januari	3	0	0
M	10–14	2021	Februari	1	0	0
M	10–14	2021	Mars	4	0	0
M	10–14	2021	April	3	0	1
M	10–14	2021	Maj	2	0	0
M	10–14	2021	Juni	2	0	0
M	10–14	2021	Juli	0	0	0
M	10–14	2021	Augusti	0	0	0
M	10–14	2021	September	1	0	0
M	10–14	2021	Oktober	2	0	0
M	10–14	2021	November	1	0	0
M	10–14	2021	December	1	0	0
M	15–19	2020	Januari	0	0	0
M	15–19	2020	Februari	0	0	0
M	15–19	2020	Mars	4	0	0
M	15–19	2020	April	5	0	0
M	15–19	2020	Maj	7	0	0
M	15–19	2020	Juni	7	0	0
M	15–19	2020	Juli	3	0	0
M	15–19	2020	Augusti	1	0	0
M	15–19	2020	September	1	0	0
M	15–19	2020	Oktober	2	0	0
M	15–19	2020	November	5	0	0
M	15–19	2020	December	9	0	0
M	15–19	2021	Januari	6	0	0
M	15–19	2021	Februari	7	0	0
M	15–19	2021	Mars	3	0	0
M	15–19	2021	April	5	0	1
M	15–19	2021	Maj	9	0	0
M	15–19	2021	Juni	4	0	0
M	15–19	2021	Juli	0	0	0
M	15–19	2021	Augusti	1	0	0
M	15–19	2021	September	5	0	0
M	15–19	2021	Oktober	1	0	0
M	15–19	2021	November	0	0	0
M	15–19	2021	December	2	0	0
M	20–24	2020	Januari	0	0	0
M	20–24	2020	Februari	0	0	0
M	20–24	2020	Mars	13	0	0
M	20–24	2020	April	19	0	0
M	20–24	2020	Maj	12	0	0
M	20–24	2020	Juni	17	0	0
M	20–24	2020	Juli	2	0	0
M	20–24	2020	Augusti	4	0	0
M	20–24	2020	September	8	0	0
M	20–24	2020	Oktober	5	0	0
M	20–24	2020	November	24	0	0
M	20–24	2020	December	22	0	0
M	20–24	2021	Januari	16	0	0
M	20–24	2021	Februari	8	0	0
M	20–24	2021	Mars	21	0	0
M	20–24	2021	April	29	0	0
M	20–24	2021	Maj	26	0	0
M	20–24	2021	Juni	12	0	0
M	20–24	2021	Juli	1	0	0
M	20–24	2021	Augusti	8	0	0
M	20–24	2021	September	9	0	0
M	20–24	2021	Oktober	5	0	0
M	20–24	2021	November	9	0	0
M	20–24	2021	December	8	0	0
M	25–29	2020	Januari	0	0	0
M	25–29	2020	Februari	0	0	0
M	25–29	2020	Mars	13	0	0
M	25–29	2020	April	73	0	0
M	25–29	2020	Maj	40	0	0
M	25–29	2020	Juni	31	0	0
M	25–29	2020	Juli	6	0	0
M	25–29	2020	Augusti	3	0	0
M	25–29	2020	September	4	0	0
M	25–29	2020	Oktober	8	0	0
M	25–29	2020	November	49	0	0
M	25–29	2020	December	42	0	0
M	25–29	2021	Januari	29	0	0
M	25–29	2021	Februari	19	0	0
M	25–29	2021	Mars	39	0	0
M	25–29	2021	April	51	0	0
M	25–29	2021	Maj	44	0	0
M	25–29	2021	Juni	15	0	0
M	25–29	2021	Juli	12	0	0
M	25–29	2021	Augusti	28	0	0
M	25–29	2021	September	21	0	1
M	25–29	2021	Oktober	10	0	0
M	25–29	2021	November	13	0	0
M	25–29	2021	December	19	0	0
M	30–34	2020	Januari	0	0	0
M	30–34	2020	Februari	0	0	0
M	30–34	2020	Mars	18	0	0
M	30–34	2020	April	98	0	0
M	30–34	2020	Maj	81	0	0
M	30–34	2020	Juni	59	0	0
M	30–34	2020	Juli	15	0	0
M	30–34	2020	Augusti	9	0	0
M	30–34	2020	September	10	0	0
M	30–34	2020	Oktober	11	0	0
M	30–34	2020	November	55	0	0
M	30–34	2020	December	55	0	0
M	30–34	2021	Januari	52	0	0
M	30–34	2021	Februari	32	0	0
M	30–34	2021	Mars	78	0	2
M	30–34	2021	April	103	0	1
M	30–34	2021	Maj	85	0	1
M	30–34	2021	Juni	12	0	0
M	30–34	2021	Juli	6	0	0
M	30–34	2021	Augusti	29	0	0
M	30–34	2021	September	30	0	0
M	30–34	2021	Oktober	4	0	0
M	30–34	2021	November	20	0	0
M	30–34	2021	December	42	0	0
M	35–39	2020	Januari	0	0	0
M	35–39	2020	Februari	1	0	0
M	35–39	2020	Mars	29	0	0
M	35–39	2020	April	137	0	0
M	35–39	2020	Maj	92	0	0
M	35–39	2020	Juni	70	0	0
M	35–39	2020	Juli	15	0	0
M	35–39	2020	Augusti	8	0	0
M	35–39	2020	September	5	0	0
M	35–39	2020	Oktober	19	0	0
M	35–39	2020	November	75	0	0
M	35–39	2020	December	101	0	0
M	35–39	2021	Januari	66	0	0
M	35–39	2021	Februari	52	0	0
M	35–39	2021	Mars	106	0	0
M	35–39	2021	April	165	0	0
M	35–39	2021	Maj	113	0	0
M	35–39	2021	Juni	30	0	0
M	35–39	2021	Juli	19	0	0
M	35–39	2021	Augusti	32	0	0
M	35–39	2021	September	36	0	1
M	35–39	2021	Oktober	22	0	0
M	35–39	2021	November	17	0	0
M	35–39	2021	December	50	0	0
M	40–44	2020	Januari	0	0	0
M	40–44	2020	Februari	0	0	0
M	40–44	2020	Mars	31	0	0
M	40–44	2020	April	182	0	0
M	40–44	2020	Maj	144	0	0
M	40–44	2020	Juni	76	0	0
M	40–44	2020	Juli	19	0	0
M	40–44	2020	Augusti	9	0	0
M	40–44	2020	September	9	0	0
M	40–44	2020	Oktober	29	0	0
M	40–44	2020	November	99	0	0
M	40–44	2020	December	161	0	0
M	40–44	2021	Januari	128	0	2
M	40–44	2021	Februari	77	0	0
M	40–44	2021	Mars	155	0	0
M	40–44	2021	April	246	0	0
M	40–44	2021	Maj	161	0	1
M	40–44	2021	Juni	41	1	0
M	40–44	2021	Juli	21	0	0
M	40–44	2021	Augusti	26	0	0
M	40–44	2021	September	41	0	0
M	40–44	2021	Oktober	31	0	0
M	40–44	2021	November	25	0	0
M	40–44	2021	December	68	0	0
M	45–49	2020	Januari	0	0	0
M	45–49	2020	Februari	0	0	0
M	45–49	2020	Mars	54	0	0
M	45–49	2020	April	279	0	0
M	45–49	2020	Maj	183	0	0
M	45–49	2020	Juni	135	0	0
M	45–49	2020	Juli	37	0	0
M	45–49	2020	Augusti	17	0	0
M	45–49	2020	September	12	0	0
M	45–49	2020	Oktober	41	0	0
M	45–49	2020	November	179	0	1
M	45–49	2020	December	235	0	0
M	45–49	2021	Januari	197	0	0
M	45–49	2021	Februari	122	0	0
M	45–49	2021	Mars	266	1	1
M	45–49	2021	April	333	0	2
M	45–49	2021	Maj	252	1	0
M	45–49	2021	Juni	63	0	1
M	45–49	2021	Juli	13	0	1
M	45–49	2021	Augusti	30	0	0
M	45–49	2021	September	54	0	0
M	45–49	2021	Oktober	32	0	0
M	45–49	2021	November	32	1	0
M	45–49	2021	December	66	0	0
M	50–54	2020	Januari	0	0	0
M	50–54	2020	Februari	0	0	0
M	50–54	2020	Mars	58	0	0
M	50–54	2020	April	398	0	0
M	50–54	2020	Maj	271	0	0
M	50–54	2020	Juni	194	0	0
M	50–54	2020	Juli	53	0	0
M	50–54	2020	Augusti	30	0	0
M	50–54	2020	September	16	0	0
M	50–54	2020	Oktober	47	0	0
M	50–54	2020	November	198	0	0
M	50–54	2020	December	293	0	0
M	50–54	2021	Januari	243	0	1
M	50–54	2021	Februari	162	0	0
M	50–54	2021	Mars	315	0	0
M	50–54	2021	April	470	1	2
M	50–54	2021	Maj	358	1	3
M	50–54	2021	Juni	91	0	3
M	50–54	2021	Juli	17	1	1
M	50–54	2021	Augusti	22	0	0
M	50–54	2021	September	45	0	1
M	50–54	2021	Oktober	32	0	0
M	50–54	2021	November	36	0	0
M	50–54	2021	December	90	0	2
M	55–59	2020	Januari	0	0	0
M	55–59	2020	Februari	0	0	0
M	55–59	2020	Mars	90	0	0
M	55–59	2020	April	440	0	0
M	55–59	2020	Maj	355	0	0
M	55–59	2020	Juni	225	0	0
M	55–59	2020	Juli	77	0	0
M	55–59	2020	Augusti	34	0	0
M	55–59	2020	September	26	0	0
M	55–59	2020	Oktober	61	0	0
M	55–59	2020	November	256	0	0
M	55–59	2020	December	385	1	1
M	55–59	2021	Januari	334	0	2
M	55–59	2021	Februari	224	2	2
M	55–59	2021	Mars	391	0	0
M	55–59	2021	April	566	0	2
M	55–59	2021	Maj	386	0	1
M	55–59	2021	Juni	89	1	2
M	55–59	2021	Juli	30	1	0
M	55–59	2021	Augusti	26	0	0
M	55–59	2021	September	43	0	1
M	55–59	2021	Oktober	24	0	0
M	55–59	2021	November	35	1	0
M	55–59	2021	December	71	1	1
M	60–64	2020	Januari	0	0	0
M	60–64	2020	Februari	0	0	0
M	60–64	2020	Mars	83	0	0
M	60–64	2020	April	456	0	0
M	60–64	2020	Maj	329	0	0
M	60–64	2020	Juni	251	0	0
M	60–64	2020	Juli	75	0	0
M	60–64	2020	Augusti	32	0	0
M	60–64	2020	September	24	0	0
M	60–64	2020	Oktober	59	0	0
M	60–64	2020	November	277	0	0
M	60–64	2020	December	439	0	0
M	60–64	2021	Januari	444	0	3
M	60–64	2021	Februari	225	1	5
M	60–64	2021	Mars	387	0	6
M	60–64	2021	April	512	0	1
M	60–64	2021	Maj	385	5	2
M	60–64	2021	Juni	86	2	4
M	60–64	2021	Juli	31	2	4
M	60–64	2021	Augusti	27	0	1
M	60–64	2021	September	47	1	0
M	60–64	2021	Oktober	29	2	1
M	60–64	2021	November	24	0	0
M	60–64	2021	December	84	2	1
M	65–69	2020	Januari	0	0	0
M	65–69	2020	Februari	0	0	0
M	65–69	2020	Mars	84	0	0
M	65–69	2020	April	403	0	0
M	65–69	2020	Maj	316	0	0
M	65–69	2020	Juni	206	0	0
M	65–69	2020	Juli	84	0	0
M	65–69	2020	Augusti	36	0	0
M	65–69	2020	September	22	0	0
M	65–69	2020	Oktober	50	0	0
M	65–69	2020	November	257	0	0
M	65–69	2020	December	453	0	1
M	65–69	2021	Januari	427	2	2
M	65–69	2021	Februari	261	2	3
M	65–69	2021	Mars	323	1	6
M	65–69	2021	April	466	1	4
M	65–69	2021	Maj	303	1	5
M	65–69	2021	Juni	72	1	6
M	65–69	2021	Juli	24	0	1
M	65–69	2021	Augusti	19	0	1
M	65–69	2021	September	38	0	1
M	65–69	2021	Oktober	25	1	0
M	65–69	2021	November	44	0	0
M	65–69	2021	December	85	0	2
M	70–74	2020	Januari	0	0	0
M	70–74	2020	Februari	0	0	0
M	70–74	2020	Mars	85	0	0
M	70–74	2020	April	381	0	0
M	70–74	2020	Maj	344	0	0
M	70–74	2020	Juni	216	0	0
M	70–74	2020	Juli	109	0	0
M	70–74	2020	Augusti	25	0	0
M	70–74	2020	September	31	0	0
M	70–74	2020	Oktober	49	0	0
M	70–74	2020	November	304	0	0
M	70–74	2020	December	568	0	1
M	70–74	2021	Januari	497	1	5
M	70–74	2021	Februari	278	1	3
M	70–74	2021	Mars	382	2	0
M	70–74	2021	April	450	4	2
M	70–74	2021	Maj	277	0	7
M	70–74	2021	Juni	74	3	2
M	70–74	2021	Juli	14	0	0
M	70–74	2021	Augusti	19	1	0
M	70–74	2021	September	52	0	0
M	70–74	2021	Oktober	41	0	1
M	70–74	2021	November	39	0	1
M	70–74	2021	December	96	0	0
M	75–79	2020	Januari	0	0	0
M	75–79	2020	Februari	0	0	0
M	75–79	2020	Mars	83	0	0
M	75–79	2020	April	427	0	0
M	75–79	2020	Maj	308	0	0
M	75–79	2020	Juni	210	0	0
M	75–79	2020	Juli	64	0	0
M	75–79	2020	Augusti	28	0	0
M	75–79	2020	September	11	0	1
M	75–79	2020	Oktober	45	0	0
M	75–79	2020	November	300	0	1
M	75–79	2020	December	623	1	0
M	75–79	2021	Januari	645	2	4
M	75–79	2021	Februari	344	1	4
M	75–79	2021	Mars	413	3	3
M	75–79	2021	April	462	1	6
M	75–79	2021	Maj	240	0	2
M	75–79	2021	Juni	50	1	0
M	75–79	2021	Juli	11	0	3
M	75–79	2021	Augusti	20	0	0
M	75–79	2021	September	25	0	0
M	75–79	2021	Oktober	34	0	0
M	75–79	2021	November	77	0	1
M	75–79	2021	December	112	1	2
M	80–84	2020	Januari	0	0	0
M	80–84	2020	Februari	0	0	0
M	80–84	2020	Mars	77	0	0
M	80–84	2020	April	348	0	0
M	80–84	2020	Maj	269	0	0
M	80–84	2020	Juni	218	0	0
M	80–84	2020	Juli	77	0	0
M	80–84	2020	Augusti	30	0	0
M	80–84	2020	September	19	0	0
M	80–84	2020	Oktober	61	0	0
M	80–84	2020	November	311	0	0
M	80–84	2020	December	590	1	0
M	80–84	2021	Januari	524	1	4
M	80–84	2021	Februari	256	1	1
M	80–84	2021	Mars	267	0	0
M	80–84	2021	April	237	1	2
M	80–84	2021	Maj	98	1	0
M	80–84	2021	Juni	21	0	0
M	80–84	2021	Juli	4	0	0
M	80–84	2021	Augusti	11	0	0
M	80–84	2021	September	35	0	0
M	80–84	2021	Oktober	39	0	1
M	80–84	2021	November	52	0	0
M	80–84	2021	December	74	0	0
M	85+	2020	Januari	0	0	0
M	85+	2020	Februari	0	0	0
M	85+	2020	Mars	101	0	0
M	85+	2020	April	488	0	0
M	85+	2020	Maj	411	0	0
M	85+	2020	Juni	258	0	0
M	85+	2020	Juli	79	0	0
M	85+	2020	Augusti	21	0	0
M	85+	2020	September	16	0	0
M	85+	2020	Oktober	65	0	0
M	85+	2020	November	374	0	0
M	85+	2020	December	761	0	1
M	85+	2021	Januari	752	2	4
M	85+	2021	Februari	291	0	2
M	85+	2021	Mars	266	2	2
M	85+	2021	April	188	0	3
M	85+	2021	Maj	79	0	2
M	85+	2021	Juni	18	0	0
M	85+	2021	Juli	5	0	0
M	85+	2021	Augusti	12	0	0
M	85+	2021	September	50	0	0
M	85+	2021	Oktober	44	0	2
M	85+	2021	November	36	0	0
M	85+	2021	December	68	0	0
F	0–4	2020	Januari	0	0	0
F	0–4	2020	Februari	0	0	0
F	0–4	2020	Mars	1	0	0
F	0–4	2020	April	6	0	0
F	0–4	2020	Maj	3	0	0
F	0–4	2020	Juni	9	0	0
F	0–4	2020	Juli	2	0	0
F	0–4	2020	Augusti	4	0	0
F	0–4	2020	September	3	0	0
F	0–4	2020	Oktober	2	0	0
F	0–4	2020	November	10	0	0
F	0–4	2020	December	18	0	0
F	0–4	2021	Januari	9	0	0
F	0–4	2021	Februari	9	0	0
F	0–4	2021	Mars	10	0	0
F	0–4	2021	April	11	0	0
F	0–4	2021	Maj	12	0	0
F	0–4	2021	Juni	3	0	0
F	0–4	2021	Juli	2	0	0
F	0–4	2021	Augusti	13	0	0
F	0–4	2021	September	2	0	0
F	0–4	2021	Oktober	1	0	1
F	0–4	2021	November	4	0	0
F	0–4	2021	December	16	0	0
F	5–9	2020	Januari	0	0	0
F	5–9	2020	Februari	0	0	0
F	5–9	2020	Mars	1	0	0
F	5–9	2020	April	1	0	0
F	5–9	2020	Maj	4	0	0
F	5–9	2020	Juni	1	0	0
F	5–9	2020	Juli	1	0	0
F	5–9	2020	Augusti	0	0	0
F	5–9	2020	September	0	0	0
F	5–9	2020	Oktober	1	0	0
F	5–9	2020	November	0	0	0
F	5–9	2020	December	5	1	0
F	5–9	2021	Januari	3	0	0
F	5–9	2021	Februari	0	0	0
F	5–9	2021	Mars	2	0	0
F	5–9	2021	April	0	0	1
F	5–9	2021	Maj	2	0	0
F	5–9	2021	Juni	1	0	0
F	5–9	2021	Juli	1	0	0
F	5–9	2021	Augusti	1	0	0
F	5–9	2021	September	1	0	0
F	5–9	2021	Oktober	2	0	0
F	5–9	2021	November	3	0	0
F	5–9	2021	December	1	0	0
F	10–14	2020	Januari	0	0	0
F	10–14	2020	Februari	0	0	0
F	10–14	2020	Mars	3	0	0
F	10–14	2020	April	3	0	0
F	10–14	2020	Maj	5	0	0
F	10–14	2020	Juni	4	0	0
F	10–14	2020	Juli	0	0	0
F	10–14	2020	Augusti	0	0	0
F	10–14	2020	September	0	0	0
F	10–14	2020	Oktober	0	0	0
F	10–14	2020	November	4	0	0
F	10–14	2020	December	4	0	0
F	10–14	2021	Januari	1	0	0
F	10–14	2021	Februari	2	0	0
F	10–14	2021	Mars	1	0	0
F	10–14	2021	April	4	0	0
F	10–14	2021	Maj	2	0	0
F	10–14	2021	Juni	1	0	0
F	10–14	2021	Juli	0	0	0
F	10–14	2021	Augusti	0	0	0
F	10–14	2021	September	2	0	0
F	10–14	2021	Oktober	2	0	0
F	10–14	2021	November	0	0	0
F	10–14	2021	December	2	0	0
F	15–19	2020	Januari	0	0	0
F	15–19	2020	Februari	0	0	0
F	15–19	2020	Mars	3	0	0
F	15–19	2020	April	14	0	0
F	15–19	2020	Maj	11	0	0
F	15–19	2020	Juni	4	0	0
F	15–19	2020	Juli	2	0	0
F	15–19	2020	Augusti	1	0	0
F	15–19	2020	September	1	0	0
F	15–19	2020	Oktober	0	0	0
F	15–19	2020	November	10	0	0
F	15–19	2020	December	6	0	0
F	15–19	2021	Januari	5	0	0
F	15–19	2021	Februari	5	0	0
F	15–19	2021	Mars	10	0	1
F	15–19	2021	April	17	0	0
F	15–19	2021	Maj	4	0	0
F	15–19	2021	Juni	2	0	0
F	15–19	2021	Juli	2	0	0
F	15–19	2021	Augusti	2	0	0
F	15–19	2021	September	6	0	0
F	15–19	2021	Oktober	1	0	0
F	15–19	2021	November	3	0	0
F	15–19	2021	December	4	0	0
F	20–24	2020	Januari	0	0	0
F	20–24	2020	Februari	0	0	0
F	20–24	2020	Mars	10	0	0
F	20–24	2020	April	34	0	0
F	20–24	2020	Maj	25	0	0
F	20–24	2020	Juni	18	0	0
F	20–24	2020	Juli	7	0	0
F	20–24	2020	Augusti	2	0	0
F	20–24	2020	September	2	0	0
F	20–24	2020	Oktober	7	0	0
F	20–24	2020	November	22	0	0
F	20–24	2020	December	9	0	0
F	20–24	2021	Januari	16	0	0
F	20–24	2021	Februari	11	0	0
F	20–24	2021	Mars	17	0	0
F	20–24	2021	April	28	0	0
F	20–24	2021	Maj	11	0	0
F	20–24	2021	Juni	8	0	0
F	20–24	2021	Juli	1	0	0
F	20–24	2021	Augusti	5	0	0
F	20–24	2021	September	8	0	0
F	20–24	2021	Oktober	3	0	0
F	20–24	2021	November	5	0	0
F	20–24	2021	December	11	0	0
F	25–29	2020	Januari	0	0	0
F	25–29	2020	Februari	0	0	0
F	25–29	2020	Mars	8	0	0
F	25–29	2020	April	56	0	0
F	25–29	2020	Maj	39	0	0
F	25–29	2020	Juni	28	0	0
F	25–29	2020	Juli	8	0	0
F	25–29	2020	Augusti	6	0	0
F	25–29	2020	September	2	0	0
F	25–29	2020	Oktober	6	0	0
F	25–29	2020	November	30	0	0
F	25–29	2020	December	42	0	0
F	25–29	2021	Januari	33	1	0
F	25–29	2021	Februari	17	0	0
F	25–29	2021	Mars	44	0	0
F	25–29	2021	April	48	0	0
F	25–29	2021	Maj	45	0	0
F	25–29	2021	Juni	12	0	0
F	25–29	2021	Juli	9	0	0
F	25–29	2021	Augusti	16	0	0
F	25–29	2021	September	16	0	0
F	25–29	2021	Oktober	5	0	0
F	25–29	2021	November	13	0	0
F	25–29	2021	December	26	0	0
F	30–34	2020	Januari	0	0	0
F	30–34	2020	Februari	1	0	0
F	30–34	2020	Mars	13	0	0
F	30–34	2020	April	71	0	0
F	30–34	2020	Maj	71	0	0
F	30–34	2020	Juni	41	0	0
F	30–34	2020	Juli	10	0	0
F	30–34	2020	Augusti	5	0	0
F	30–34	2020	September	3	0	0
F	30–34	2020	Oktober	10	0	0
F	30–34	2020	November	49	0	0
F	30–34	2020	December	58	0	0
F	30–34	2021	Januari	52	0	0
F	30–34	2021	Februari	29	1	0
F	30–34	2021	Mars	76	0	1
F	30–34	2021	April	101	0	0
F	30–34	2021	Maj	64	0	0
F	30–34	2021	Juni	23	0	0
F	30–34	2021	Juli	9	0	0
F	30–34	2021	Augusti	19	0	0
F	30–34	2021	September	26	0	0
F	30–34	2021	Oktober	12	0	0
F	30–34	2021	November	17	0	0
F	30–34	2021	December	30	0	0
F	35–39	2020	Januari	0	0	0
F	35–39	2020	Februari	0	0	0
F	35–39	2020	Mars	20	0	0
F	35–39	2020	April	90	0	0
F	35–39	2020	Maj	56	0	0
F	35–39	2020	Juni	38	0	0
F	35–39	2020	Juli	7	0	0
F	35–39	2020	Augusti	3	0	0
F	35–39	2020	September	6	0	0
F	35–39	2020	Oktober	15	0	0
F	35–39	2020	November	53	0	0
F	35–39	2020	December	87	0	0
F	35–39	2021	Januari	58	0	0
F	35–39	2021	Februari	43	0	0
F	35–39	2021	Mars	92	0	1
F	35–39	2021	April	107	0	0
F	35–39	2021	Maj	88	0	1
F	35–39	2021	Juni	24	0	0
F	35–39	2021	Juli	12	0	0
F	35–39	2021	Augusti	20	0	0
F	35–39	2021	September	23	0	0
F	35–39	2021	Oktober	18	0	0
F	35–39	2021	November	19	0	0
F	35–39	2021	December	45	0	0
F	40–44	2020	Januari	0	0	0
F	40–44	2020	Februari	0	0	0
F	40–44	2020	Mars	29	0	0
F	40–44	2020	April	109	0	0
F	40–44	2020	Maj	88	0	0
F	40–44	2020	Juni	62	0	0
F	40–44	2020	Juli	15	0	0
F	40–44	2020	Augusti	6	0	0
F	40–44	2020	September	7	0	0
F	40–44	2020	Oktober	15	0	0
F	40–44	2020	November	62	0	0
F	40–44	2020	December	90	0	0
F	40–44	2021	Januari	83	0	0
F	40–44	2021	Februari	52	0	0
F	40–44	2021	Mars	93	0	0
F	40–44	2021	April	131	0	0
F	40–44	2021	Maj	134	0	1
F	40–44	2021	Juni	28	0	1
F	40–44	2021	Juli	4	0	1
F	40–44	2021	Augusti	23	0	0
F	40–44	2021	September	31	0	0
F	40–44	2021	Oktober	18	0	1
F	40–44	2021	November	19	0	0
F	40–44	2021	December	41	0	0
F	45–49	2020	Januari	0	0	0
F	45–49	2020	Februari	0	0	0
F	45–49	2020	Mars	38	0	0
F	45–49	2020	April	132	0	0
F	45–49	2020	Maj	124	0	0
F	45–49	2020	Juni	89	0	0
F	45–49	2020	Juli	16	0	0
F	45–49	2020	Augusti	10	0	0
F	45–49	2020	September	13	0	0
F	45–49	2020	Oktober	20	0	0
F	45–49	2020	November	102	0	0
F	45–49	2020	December	146	0	0
F	45–49	2021	Januari	110	0	1
F	45–49	2021	Februari	62	0	1
F	45–49	2021	Mars	148	0	3
F	45–49	2021	April	202	0	1
F	45–49	2021	Maj	178	0	1
F	45–49	2021	Juni	42	0	0
F	45–49	2021	Juli	10	0	0
F	45–49	2021	Augusti	34	0	0
F	45–49	2021	September	33	0	0
F	45–49	2021	Oktober	20	0	0
F	45–49	2021	November	16	0	0
F	45–49	2021	December	35	0	0
F	50–54	2020	Januari	0	0	0
F	50–54	2020	Februari	0	0	0
F	50–54	2020	Mars	53	0	0
F	50–54	2020	April	187	0	0
F	50–54	2020	Maj	146	0	0
F	50–54	2020	Juni	110	0	0
F	50–54	2020	Juli	40	0	0
F	50–54	2020	Augusti	16	0	0
F	50–54	2020	September	11	0	0
F	50–54	2020	Oktober	25	0	0
F	50–54	2020	November	143	0	0
F	50–54	2020	December	204	0	0
F	50–54	2021	Januari	149	0	0
F	50–54	2021	Februari	97	0	0
F	50–54	2021	Mars	163	0	1
F	50–54	2021	April	242	1	1
F	50–54	2021	Maj	209	0	2
F	50–54	2021	Juni	37	0	1
F	50–54	2021	Juli	7	0	2
F	50–54	2021	Augusti	20	0	0
F	50–54	2021	September	31	0	0
F	50–54	2021	Oktober	10	0	0
F	50–54	2021	November	21	0	0
F	50–54	2021	December	44	0	0
F	55–59	2020	Januari	0	0	0
F	55–59	2020	Februari	0	0	0
F	55–59	2020	Mars	40	0	0
F	55–59	2020	April	243	0	0
F	55–59	2020	Maj	179	0	0
F	55–59	2020	Juni	136	0	0
F	55–59	2020	Juli	36	0	0
F	55–59	2020	Augusti	16	0	0
F	55–59	2020	September	12	0	0
F	55–59	2020	Oktober	37	0	0
F	55–59	2020	November	173	0	0
F	55–59	2020	December	206	0	0
F	55–59	2021	Januari	211	0	1
F	55–59	2021	Februari	104	0	1
F	55–59	2021	Mars	230	0	1
F	55–59	2021	April	277	0	3
F	55–59	2021	Maj	229	0	0
F	55–59	2021	Juni	45	0	1
F	55–59	2021	Juli	6	0	0
F	55–59	2021	Augusti	34	0	0
F	55–59	2021	September	31	0	0
F	55–59	2021	Oktober	18	0	1
F	55–59	2021	November	26	0	0
F	55–59	2021	December	62	0	0
F	60–64	2020	Januari	0	0	0
F	60–64	2020	Februari	0	0	0
F	60–64	2020	Mars	47	0	0
F	60–64	2020	April	272	0	0
F	60–64	2020	Maj	186	0	0
F	60–64	2020	Juni	129	0	0
F	60–64	2020	Juli	36	0	0
F	60–64	2020	Augusti	19	0	0
F	60–64	2020	September	11	0	0
F	60–64	2020	Oktober	25	0	0
F	60–64	2020	November	149	0	0
F	60–64	2020	December	253	0	0
F	60–64	2021	Januari	228	1	0
F	60–64	2021	Februari	103	0	1
F	60–64	2021	Mars	216	0	1
F	60–64	2021	April	302	1	0
F	60–64	2021	Maj	199	1	4
F	60–64	2021	Juni	31	1	0
F	60–64	2021	Juli	10	0	0
F	60–64	2021	Augusti	18	0	1
F	60–64	2021	September	22	0	2
F	60–64	2021	Oktober	11	0	0
F	60–64	2021	November	28	0	0
F	60–64	2021	December	72	1	1
F	65–69	2020	Januari	0	0	0
F	65–69	2020	Februari	0	0	0
F	65–69	2020	Mars	37	0	0
F	65–69	2020	April	205	0	0
F	65–69	2020	Maj	155	0	0
F	65–69	2020	Juni	98	0	0
F	65–69	2020	Juli	38	0	0
F	65–69	2020	Augusti	16	0	0
F	65–69	2020	September	14	0	0
F	65–69	2020	Oktober	33	0	0
F	65–69	2020	November	146	0	0
F	65–69	2020	December	243	0	0
F	65–69	2021	Januari	226	0	0
F	65–69	2021	Februari	116	0	1
F	65–69	2021	Mars	216	0	1
F	65–69	2021	April	300	0	0
F	65–69	2021	Maj	141	1	1
F	65–69	2021	Juni	26	1	0
F	65–69	2021	Juli	10	1	0
F	65–69	2021	Augusti	17	0	1
F	65–69	2021	September	21	0	3
F	65–69	2021	Oktober	10	0	0
F	65–69	2021	November	33	0	0
F	65–69	2021	December	58	0	0
F	70–74	2020	Januari	0	0	0
F	70–74	2020	Februari	0	0	0
F	70–74	2020	Mars	50	0	0
F	70–74	2020	April	207	0	0
F	70–74	2020	Maj	173	0	0
F	70–74	2020	Juni	124	0	0
F	70–74	2020	Juli	41	0	0
F	70–74	2020	Augusti	18	0	0
F	70–74	2020	September	11	0	0
F	70–74	2020	Oktober	38	0	0
F	70–74	2020	November	180	0	0
F	70–74	2020	December	339	0	0
F	70–74	2021	Januari	293	0	2
F	70–74	2021	Februari	158	2	0
F	70–74	2021	Mars	214	0	0
F	70–74	2021	April	315	4	1
F	70–74	2021	Maj	175	0	4
F	70–74	2021	Juni	40	1	1
F	70–74	2021	Juli	4	0	0
F	70–74	2021	Augusti	20	0	0
F	70–74	2021	September	31	0	0
F	70–74	2021	Oktober	21	0	0
F	70–74	2021	November	34	0	0
F	70–74	2021	December	50	0	0
F	75–79	2020	Januari	0	0	0
F	75–79	2020	Februari	0	0	0
F	75–79	2020	Mars	74	0	0
F	75–79	2020	April	308	0	0
F	75–79	2020	Maj	231	0	0
F	75–79	2020	Juni	161	0	0
F	75–79	2020	Juli	44	0	0
F	75–79	2020	Augusti	13	0	0
F	75–79	2020	September	12	0	0
F	75–79	2020	Oktober	48	0	0
F	75–79	2020	November	244	0	0
F	75–79	2020	December	419	1	1
F	75–79	2021	Januari	362	2	1
F	75–79	2021	Februari	201	0	2
F	75–79	2021	Mars	256	0	3
F	75–79	2021	April	309	2	3
F	75–79	2021	Maj	148	0	4
F	75–79	2021	Juni	31	0	0
F	75–79	2021	Juli	6	0	0
F	75–79	2021	Augusti	12	2	0
F	75–79	2021	September	31	0	0
F	75–79	2021	Oktober	31	0	1
F	75–79	2021	November	42	0	0
F	75–79	2021	December	74	0	0
F	80–84	2020	Januari	0	0	0
F	80–84	2020	Februari	0	0	0
F	80–84	2020	Mars	57	0	0
F	80–84	2020	April	282	0	0
F	80–84	2020	Maj	229	0	0
F	80–84	2020	Juni	187	0	0
F	80–84	2020	Juli	60	0	0
F	80–84	2020	Augusti	12	0	0
F	80–84	2020	September	16	0	0
F	80–84	2020	Oktober	49	0	0
F	80–84	2020	November	242	0	0
F	80–84	2020	December	502	0	0
F	80–84	2021	Januari	423	1	1
F	80–84	2021	Februari	209	0	3
F	80–84	2021	Mars	203	0	1
F	80–84	2021	April	166	1	2
F	80–84	2021	Maj	74	0	1
F	80–84	2021	Juni	23	0	0
F	80–84	2021	Juli	8	0	0
F	80–84	2021	Augusti	11	0	0
F	80–84	2021	September	23	0	0
F	80–84	2021	Oktober	35	0	0
F	80–84	2021	November	29	0	0
F	80–84	2021	December	57	0	0
F	85+	2020	Januari	0	0	0
F	85+	2020	Februari	0	0	0
F	85+	2020	Mars	102	0	0
F	85+	2020	April	577	0	0
F	85+	2020	Maj	507	0	0
F	85+	2020	Juni	382	0	0
F	85+	2020	Juli	101	0	0
F	85+	2020	Augusti	29	0	0
F	85+	2020	September	24	0	0
F	85+	2020	Oktober	74	0	0
F	85+	2020	November	431	0	1
F	85+	2020	December	886	0	3
F	85+	2021	Januari	876	4	4
F	85+	2021	Februari	360	2	5
F	85+	2021	Mars	268	1	4
F	85+	2021	April	191	4	1
F	85+	2021	Maj	89	0	0
F	85+	2021	Juni	26	0	0
F	85+	2021	Juli	8	0	0
F	85+	2021	Augusti	20	0	0
F	85+	2021	September	49	0	0
F	85+	2021	Oktober	37	0	0
F	85+	2021	November	53	0	1
F	85+	2021	December	86	1	0
M	0–4	2022	Januari	206	0	0
M	0–4	2022	Februari	170	0	1
M	0–4	2022	Mars	54	0	0
M	0–4	2022	April	19	0	1
M	0–4	2022	Maj	13	0	0
M	0–4	2022	Juni	23	0	0
M	0–4	2022	Juli	50	0	0
M	0–4	2022	Augusti	51	0	0
M	0–4	2022	September	40	0	0
M	0–4	2022	Oktober	38	0	0
M	0–4	2022	November	35	0	0
M	0–4	2022	December	64	0	0
M	0–4	2023	Januari	21	0	0
M	0–4	2023	Februari	13	0	0
M	0–4	2023	Mars	16	0	0
M	0–4	2023	April	23	0	0
M	0–4	2023	Maj	25	0	0
M	0–4	2023	Juni	14	0	0
M	0–4	2023	Juli	5	0	0
M	0–4	2023	Augusti	16	0	0
M	0–4	2023	September	11	0	0
M	0–4	2023	Oktober	25	0	0
M	0–4	2023	November	68	0	0
M	0–4	2023	December	90	0	0
M	0–4	2024	Januari	23	0	0
M	0–4	2024	Februari	8	0	0
M	0–4	2024	Mars	10	0	0
M	0–4	2024	April	5	0	0
M	0–4	2024	Maj	4	0	0
M	0–4	2024	Juni	3	0	0
M	0–4	2024	Juli	8	0	0
M	0–4	2024	Augusti	22	0	0
M	5–9	2022	Januari	26	0	0
M	5–9	2022	Februari	24	0	0
M	5–9	2022	Mars	9	0	0
M	5–9	2022	April	1	0	0
M	5–9	2022	Maj	2	0	0
M	5–9	2022	Juni	2	0	0
M	5–9	2022	Juli	6	0	0
M	5–9	2022	Augusti	3	0	0
M	5–9	2022	September	3	0	0
M	5–9	2022	Oktober	2	0	0
M	5–9	2022	November	5	0	0
M	5–9	2022	December	4	0	0
M	5–9	2023	Januari	4	0	0
M	5–9	2023	Februari	4	0	0
M	5–9	2023	Mars	2	0	0
M	5–9	2023	April	3	0	0
M	5–9	2023	Maj	2	0	0
M	5–9	2023	Juni	1	0	0
M	5–9	2023	Juli	0	0	0
M	5–9	2023	Augusti	3	0	0
M	5–9	2023	September	1	0	0
M	5–9	2023	Oktober	1	0	0
M	5–9	2023	November	5	0	0
M	5–9	2023	December	7	0	0
M	5–9	2024	Januari	2	0	0
M	5–9	2024	Februari	2	0	0
M	5–9	2024	Mars	0	0	0
M	5–9	2024	April	0	0	0
M	5–9	2024	Maj	1	0	0
M	5–9	2024	Juni	1	0	0
M	5–9	2024	Juli	0	0	0
M	5–9	2024	Augusti	3	0	0
M	10–14	2022	Januari	31	0	1
M	10–14	2022	Februari	16	0	0
M	10–14	2022	Mars	0	0	1
M	10–14	2022	April	2	0	0
M	10–14	2022	Maj	2	0	0
M	10–14	2022	Juni	1	0	0
M	10–14	2022	Juli	4	0	0
M	10–14	2022	Augusti	3	0	0
M	10–14	2022	September	1	1	0
M	10–14	2022	Oktober	0	0	0
M	10–14	2022	November	2	0	0
M	10–14	2022	December	4	0	0
M	10–14	2023	Januari	2	0	0
M	10–14	2023	Februari	0	0	0
M	10–14	2023	Mars	0	0	1
M	10–14	2023	April	0	0	0
M	10–14	2023	Maj	1	0	0
M	10–14	2023	Juni	1	0	0
M	10–14	2023	Juli	0	0	0
M	10–14	2023	Augusti	0	0	0
M	10–14	2023	September	0	0	0
M	10–14	2023	Oktober	3	0	0
M	10–14	2023	November	3	0	0
M	10–14	2023	December	7	0	0
M	10–14	2024	Januari	0	0	0
M	10–14	2024	Februari	1	0	0
M	10–14	2024	Mars	1	0	0
M	10–14	2024	April	0	0	0
M	10–14	2024	Maj	1	0	0
M	10–14	2024	Juni	1	0	0
M	10–14	2024	Juli	2	0	0
M	10–14	2024	Augusti	0	0	0
M	15–19	2022	Januari	13	0	0
M	15–19	2022	Februari	11	0	0
M	15–19	2022	Mars	4	0	0
M	15–19	2022	April	1	0	0
M	15–19	2022	Maj	1	0	0
M	15–19	2022	Juni	1	0	0
M	15–19	2022	Juli	4	0	0
M	15–19	2022	Augusti	3	0	0
M	15–19	2022	September	6	0	0
M	15–19	2022	Oktober	2	0	0
M	15–19	2022	November	1	0	0
M	15–19	2022	December	6	0	0
M	15–19	2023	Januari	3	0	0
M	15–19	2023	Februari	0	0	1
M	15–19	2023	Mars	3	0	0
M	15–19	2023	April	0	0	0
M	15–19	2023	Maj	0	0	0
M	15–19	2023	Juni	2	0	0
M	15–19	2023	Juli	1	0	0
M	15–19	2023	Augusti	3	0	0
M	15–19	2023	September	0	0	0
M	15–19	2023	Oktober	0	0	0
M	15–19	2023	November	4	0	0
M	15–19	2023	December	3	0	0
M	15–19	2024	Januari	0	0	0
M	15–19	2024	Februari	1	0	0
M	15–19	2024	Mars	0	0	0
M	15–19	2024	April	1	0	0
M	15–19	2024	Maj	0	0	0
M	15–19	2024	Juni	2	0	0
M	15–19	2024	Juli	1	0	0
M	15–19	2024	Augusti	1	0	0
M	20–24	2022	Januari	19	0	0
M	20–24	2022	Februari	12	0	0
M	20–24	2022	Mars	8	0	0
M	20–24	2022	April	1	0	0
M	20–24	2022	Maj	1	0	0
M	20–24	2022	Juni	2	0	0
M	20–24	2022	Juli	1	0	0
M	20–24	2022	Augusti	8	0	0
M	20–24	2022	September	1	0	0
M	20–24	2022	Oktober	6	0	0
M	20–24	2022	November	3	0	0
M	20–24	2022	December	5	0	0
M	20–24	2023	Januari	4	0	0
M	20–24	2023	Februari	1	0	0
M	20–24	2023	Mars	1	0	0
M	20–24	2023	April	2	0	0
M	20–24	2023	Maj	4	0	0
M	20–24	2023	Juni	1	0	0
M	20–24	2023	Juli	0	0	0
M	20–24	2023	Augusti	2	0	0
M	20–24	2023	September	2	0	0
M	20–24	2023	Oktober	1	0	0
M	20–24	2023	November	2	0	0
M	20–24	2023	December	5	0	0
M	20–24	2024	Januari	0	0	0
M	20–24	2024	Februari	0	0	0
M	20–24	2024	Mars	0	0	0
M	20–24	2024	April	1	0	0
M	20–24	2024	Maj	0	0	0
M	20–24	2024	Juni	1	0	0
M	20–24	2024	Juli	7	0	0
M	20–24	2024	Augusti	5	0	0
M	25–29	2022	Januari	32	0	0
M	25–29	2022	Februari	14	0	0
M	25–29	2022	Mars	5	0	0
M	25–29	2022	April	6	0	0
M	25–29	2022	Maj	0	0	0
M	25–29	2022	Juni	3	0	0
M	25–29	2022	Juli	7	0	0
M	25–29	2022	Augusti	8	0	0
M	25–29	2022	September	4	0	0
M	25–29	2022	Oktober	4	0	0
M	25–29	2022	November	3	0	1
M	25–29	2022	December	8	0	0
M	25–29	2023	Januari	2	0	0
M	25–29	2023	Februari	2	0	0
M	25–29	2023	Mars	4	0	0
M	25–29	2023	April	2	1	0
M	25–29	2023	Maj	3	0	0
M	25–29	2023	Juni	1	0	0
M	25–29	2023	Juli	2	0	0
M	25–29	2023	Augusti	1	0	0
M	25–29	2023	September	2	0	0
M	25–29	2023	Oktober	5	0	0
M	25–29	2023	November	5	0	0
M	25–29	2023	December	6	0	0
M	25–29	2024	Januari	1	0	0
M	25–29	2024	Februari	1	0	0
M	25–29	2024	Mars	0	0	0
M	25–29	2024	April	0	0	0
M	25–29	2024	Maj	0	0	0
M	25–29	2024	Juni	0	0	0
M	25–29	2024	Juli	3	0	0
M	25–29	2024	Augusti	4	0	0
M	30–34	2022	Januari	43	0	0
M	30–34	2022	Februari	29	0	0
M	30–34	2022	Mars	9	0	0
M	30–34	2022	April	4	0	0
M	30–34	2022	Maj	8	0	0
M	30–34	2022	Juni	2	0	0
M	30–34	2022	Juli	13	0	0
M	30–34	2022	Augusti	15	0	0
M	30–34	2022	September	8	0	0
M	30–34	2022	Oktober	5	0	0
M	30–34	2022	November	6	0	0
M	30–34	2022	December	16	0	0
M	30–34	2023	Januari	3	0	0
M	30–34	2023	Februari	1	0	0
M	30–34	2023	Mars	1	0	0
M	30–34	2023	April	3	0	0
M	30–34	2023	Maj	3	0	0
M	30–34	2023	Juni	4	0	0
M	30–34	2023	Juli	1	0	0
M	30–34	2023	Augusti	1	0	0
M	30–34	2023	September	3	0	0
M	30–34	2023	Oktober	1	0	0
M	30–34	2023	November	9	0	0
M	30–34	2023	December	12	0	0
M	30–34	2024	Januari	1	0	0
M	30–34	2024	Februari	0	0	0
M	30–34	2024	Mars	0	0	0
M	30–34	2024	April	0	0	0
M	30–34	2024	Maj	0	0	0
M	30–34	2024	Juni	0	0	0
M	30–34	2024	Juli	4	0	0
M	30–34	2024	Augusti	4	0	0
M	35–39	2022	Januari	73	0	0
M	35–39	2022	Februari	23	0	0
M	35–39	2022	Mars	10	0	0
M	35–39	2022	April	3	0	0
M	35–39	2022	Maj	1	0	0
M	35–39	2022	Juni	2	0	0
M	35–39	2022	Juli	5	0	0
M	35–39	2022	Augusti	11	0	0
M	35–39	2022	September	8	0	0
M	35–39	2022	Oktober	3	0	0
M	35–39	2022	November	3	0	0
M	35–39	2022	December	7	0	0
M	35–39	2023	Januari	5	0	0
M	35–39	2023	Februari	2	0	0
M	35–39	2023	Mars	2	0	0
M	35–39	2023	April	3	0	0
M	35–39	2023	Maj	4	0	0
M	35–39	2023	Juni	0	0	0
M	35–39	2023	Juli	0	0	1
M	35–39	2023	Augusti	2	0	1
M	35–39	2023	September	0	0	0
M	35–39	2023	Oktober	2	0	0
M	35–39	2023	November	5	0	0
M	35–39	2023	December	7	0	0
M	35–39	2024	Januari	3	0	0
M	35–39	2024	Februari	2	0	0
M	35–39	2024	Mars	0	0	0
M	35–39	2024	April	2	0	0
M	35–39	2024	Maj	0	0	0
M	35–39	2024	Juni	1	0	0
M	35–39	2024	Juli	1	0	0
M	35–39	2024	Augusti	8	0	0
M	40–44	2022	Januari	63	0	0
M	40–44	2022	Februari	39	0	0
M	40–44	2022	Mars	17	1	0
M	40–44	2022	April	5	1	0
M	40–44	2022	Maj	5	0	0
M	40–44	2022	Juni	5	0	0
M	40–44	2022	Juli	6	0	0
M	40–44	2022	Augusti	4	0	0
M	40–44	2022	September	13	0	1
M	40–44	2022	Oktober	5	0	0
M	40–44	2022	November	6	0	0
M	40–44	2022	December	14	0	1
M	40–44	2023	Januari	4	0	0
M	40–44	2023	Februari	1	0	0
M	40–44	2023	Mars	2	0	0
M	40–44	2023	April	2	0	0
M	40–44	2023	Maj	2	0	0
M	40–44	2023	Juni	0	0	0
M	40–44	2023	Juli	0	0	0
M	40–44	2023	Augusti	3	0	0
M	40–44	2023	September	3	0	0
M	40–44	2023	Oktober	2	0	0
M	40–44	2023	November	9	0	0
M	40–44	2023	December	11	0	0
M	40–44	2024	Januari	1	0	0
M	40–44	2024	Februari	2	0	0
M	40–44	2024	Mars	0	0	0
M	40–44	2024	April	0	0	0
M	40–44	2024	Maj	0	0	0
M	40–44	2024	Juni	0	0	0
M	40–44	2024	Juli	4	0	0
M	40–44	2024	Augusti	8	0	0
M	45–49	2022	Januari	104	0	0
M	45–49	2022	Februari	52	0	1
M	45–49	2022	Mars	21	0	1
M	45–49	2022	April	7	0	0
M	45–49	2022	Maj	3	0	0
M	45–49	2022	Juni	11	0	0
M	45–49	2022	Juli	8	0	0
M	45–49	2022	Augusti	14	0	0
M	45–49	2022	September	7	0	0
M	45–49	2022	Oktober	6	0	0
M	45–49	2022	November	8	0	0
M	45–49	2022	December	11	0	0
M	45–49	2023	Januari	6	0	0
M	45–49	2023	Februari	2	0	0
M	45–49	2023	Mars	4	0	0
M	45–49	2023	April	8	0	0
M	45–49	2023	Maj	4	0	0
M	45–49	2023	Juni	1	0	0
M	45–49	2023	Juli	1	0	0
M	45–49	2023	Augusti	2	0	0
M	45–49	2023	September	2	0	0
M	45–49	2023	Oktober	12	0	0
M	45–49	2023	November	20	0	0
M	45–49	2023	December	11	0	0
M	45–49	2024	Januari	8	0	0
M	45–49	2024	Februari	0	0	0
M	45–49	2024	Mars	0	0	0
M	45–49	2024	April	0	0	0
M	45–49	2024	Maj	0	0	0
M	45–49	2024	Juni	1	0	0
M	45–49	2024	Juli	5	0	0
M	45–49	2024	Augusti	6	0	0
M	50–54	2022	Januari	96	0	2
M	50–54	2022	Februari	73	2	2
M	50–54	2022	Mars	19	0	0
M	50–54	2022	April	8	0	1
M	50–54	2022	Maj	3	0	0
M	50–54	2022	Juni	7	0	1
M	50–54	2022	Juli	17	0	0
M	50–54	2022	Augusti	16	0	0
M	50–54	2022	September	16	0	0
M	50–54	2022	Oktober	6	0	0
M	50–54	2022	November	15	0	0
M	50–54	2022	December	29	0	0
M	50–54	2023	Januari	15	0	0
M	50–54	2023	Februari	1	0	0
M	50–54	2023	Mars	7	0	0
M	50–54	2023	April	8	0	0
M	50–54	2023	Maj	11	0	0
M	50–54	2023	Juni	4	0	0
M	50–54	2023	Juli	1	0	0
M	50–54	2023	Augusti	1	0	0
M	50–54	2023	September	6	0	0
M	50–54	2023	Oktober	6	0	0
M	50–54	2023	November	25	0	0
M	50–54	2023	December	22	0	0
M	50–54	2024	Januari	6	0	0
M	50–54	2024	Februari	1	0	0
M	50–54	2024	Mars	1	0	0
M	50–54	2024	April	0	0	0
M	50–54	2024	Maj	1	0	0
M	50–54	2024	Juni	1	0	0
M	50–54	2024	Juli	3	0	0
M	50–54	2024	Augusti	7	0	0
M	55–59	2022	Januari	157	0	1
M	55–59	2022	Februari	99	0	1
M	55–59	2022	Mars	51	1	2
M	55–59	2022	April	20	0	0
M	55–59	2022	Maj	14	0	2
M	55–59	2022	Juni	10	0	0
M	55–59	2022	Juli	11	0	1
M	55–59	2022	Augusti	22	0	0
M	55–59	2022	September	24	0	0
M	55–59	2022	Oktober	17	0	1
M	55–59	2022	November	13	0	0
M	55–59	2022	December	45	0	0
M	55–59	2023	Januari	22	0	2
M	55–59	2023	Februari	9	0	0
M	55–59	2023	Mars	9	0	0
M	55–59	2023	April	17	0	0
M	55–59	2023	Maj	17	0	0
M	55–59	2023	Juni	4	0	0
M	55–59	2023	Juli	4	0	0
M	55–59	2023	Augusti	6	0	0
M	55–59	2023	September	8	0	0
M	55–59	2023	Oktober	19	0	0
M	55–59	2023	November	47	0	0
M	55–59	2023	December	31	0	0
M	55–59	2024	Januari	8	0	0
M	55–59	2024	Februari	1	0	0
M	55–59	2024	Mars	0	0	0
M	55–59	2024	April	1	0	0
M	55–59	2024	Maj	0	0	0
M	55–59	2024	Juni	6	0	0
M	55–59	2024	Juli	4	0	0
M	55–59	2024	Augusti	9	0	0
M	60–64	2022	Januari	173	1	0
M	60–64	2022	Februari	122	0	3
M	60–64	2022	Mars	62	0	0
M	60–64	2022	April	32	0	0
M	60–64	2022	Maj	17	0	1
M	60–64	2022	Juni	22	0	0
M	60–64	2022	Juli	33	0	0
M	60–64	2022	Augusti	43	0	1
M	60–64	2022	September	36	1	0
M	60–64	2022	Oktober	25	0	0
M	60–64	2022	November	34	0	2
M	60–64	2022	December	57	0	0
M	60–64	2023	Januari	32	0	0
M	60–64	2023	Februari	10	0	0
M	60–64	2023	Mars	11	0	0
M	60–64	2023	April	21	0	0
M	60–64	2023	Maj	18	0	0
M	60–64	2023	Juni	14	0	0
M	60–64	2023	Juli	5	0	0
M	60–64	2023	Augusti	12	0	0
M	60–64	2023	September	23	0	0
M	60–64	2023	Oktober	29	0	0
M	60–64	2023	November	55	0	0
M	60–64	2023	December	67	0	0
M	60–64	2024	Januari	16	0	0
M	60–64	2024	Februari	5	0	0
M	60–64	2024	Mars	1	0	0
M	60–64	2024	April	4	0	0
M	60–64	2024	Maj	1	0	0
M	60–64	2024	Juni	2	0	0
M	60–64	2024	Juli	6	0	0
M	60–64	2024	Augusti	16	0	0
M	65–69	2022	Januari	173	1	4
M	65–69	2022	Februari	172	1	5
M	65–69	2022	Mars	85	0	0
M	65–69	2022	April	45	0	0
M	65–69	2022	Maj	19	0	0
M	65–69	2022	Juni	28	0	1
M	65–69	2022	Juli	50	0	0
M	65–69	2022	Augusti	45	0	0
M	65–69	2022	September	56	0	0
M	65–69	2022	Oktober	45	0	0
M	65–69	2022	November	56	0	0
M	65–69	2022	December	128	0	1
M	65–69	2023	Januari	56	0	0
M	65–69	2023	Februari	15	0	0
M	65–69	2023	Mars	33	0	0
M	65–69	2023	April	38	0	0
M	65–69	2023	Maj	37	0	0
M	65–69	2023	Juni	13	1	0
M	65–69	2023	Juli	9	0	0
M	65–69	2023	Augusti	14	0	0
M	65–69	2023	September	23	0	0
M	65–69	2023	Oktober	56	0	0
M	65–69	2023	November	104	0	0
M	65–69	2023	December	93	0	0
M	65–69	2024	Januari	31	0	0
M	65–69	2024	Februari	6	0	0
M	65–69	2024	Mars	3	0	0
M	65–69	2024	April	3	0	0
M	65–69	2024	Maj	3	0	0
M	65–69	2024	Juni	5	0	0
M	65–69	2024	Juli	18	0	0
M	65–69	2024	Augusti	34	0	0
M	70–74	2022	Januari	220	0	4
M	70–74	2022	Februari	239	0	3
M	70–74	2022	Mars	162	1	0
M	70–74	2022	April	89	0	2
M	70–74	2022	Maj	40	0	0
M	70–74	2022	Juni	40	0	1
M	70–74	2022	Juli	103	0	0
M	70–74	2022	Augusti	103	0	0
M	70–74	2022	September	84	0	1
M	70–74	2022	Oktober	91	0	0
M	70–74	2022	November	88	0	0
M	70–74	2022	December	240	0	0
M	70–74	2023	Januari	91	0	1
M	70–74	2023	Februari	35	0	0
M	70–74	2023	Mars	49	0	0
M	70–74	2023	April	59	0	0
M	70–74	2023	Maj	86	0	0
M	70–74	2023	Juni	34	0	0
M	70–74	2023	Juli	17	0	0
M	70–74	2023	Augusti	37	0	0
M	70–74	2023	September	55	0	1
M	70–74	2023	Oktober	80	0	0
M	70–74	2023	November	218	0	0
M	70–74	2023	December	175	0	1
M	70–74	2024	Januari	65	0	0
M	70–74	2024	Februari	11	0	0
M	70–74	2024	Mars	8	0	0
M	70–74	2024	April	7	0	0
M	70–74	2024	Maj	9	0	0
M	70–74	2024	Juni	11	0	0
M	70–74	2024	Juli	28	0	0
M	70–74	2024	Augusti	61	0	0
M	75–79	2022	Januari	275	3	0
M	75–79	2022	Februari	348	1	0
M	75–79	2022	Mars	239	2	1
M	75–79	2022	April	143	0	1
M	75–79	2022	Maj	60	0	0
M	75–79	2022	Juni	64	1	0
M	75–79	2022	Juli	164	0	2
M	75–79	2022	Augusti	172	1	0
M	75–79	2022	September	159	0	0
M	75–79	2022	Oktober	151	0	0
M	75–79	2022	November	170	0	2
M	75–79	2022	December	390	0	2
M	75–79	2023	Januari	214	0	0
M	75–79	2023	Februari	47	0	0
M	75–79	2023	Mars	102	0	0
M	75–79	2023	April	149	0	0
M	75–79	2023	Maj	135	0	0
M	75–79	2023	Juni	84	0	0
M	75–79	2023	Juli	34	1	0
M	75–79	2023	Augusti	57	0	0
M	75–79	2023	September	97	0	0
M	75–79	2023	Oktober	163	0	0
M	75–79	2023	November	463	0	1
M	75–79	2023	December	332	0	1
M	75–79	2024	Januari	96	0	0
M	75–79	2024	Februari	21	0	0
M	75–79	2024	Mars	10	0	0
M	75–79	2024	April	5	0	0
M	75–79	2024	Maj	15	0	0
M	75–79	2024	Juni	23	0	0
M	75–79	2024	Juli	55	0	0
M	75–79	2024	Augusti	125	0	1
M	80–84	2022	Januari	238	0	2
M	80–84	2022	Februari	372	2	3
M	80–84	2022	Mars	248	1	0
M	80–84	2022	April	104	0	3
M	80–84	2022	Maj	59	0	0
M	80–84	2022	Juni	59	1	0
M	80–84	2022	Juli	173	1	0
M	80–84	2022	Augusti	207	0	0
M	80–84	2022	September	171	0	0
M	80–84	2022	Oktober	154	0	1
M	80–84	2022	November	172	0	0
M	80–84	2022	December	430	0	0
M	80–84	2023	Januari	239	0	1
M	80–84	2023	Februari	61	0	0
M	80–84	2023	Mars	105	0	1
M	80–84	2023	April	169	2	0
M	80–84	2023	Maj	134	0	1
M	80–84	2023	Juni	66	0	0
M	80–84	2023	Juli	35	0	0
M	80–84	2023	Augusti	56	0	0
M	80–84	2023	September	104	0	0
M	80–84	2023	Oktober	206	0	1
M	80–84	2023	November	467	1	0
M	80–84	2023	December	335	0	1
M	80–84	2024	Januari	113	0	0
M	80–84	2024	Februari	29	0	1
M	80–84	2024	Mars	14	0	0
M	80–84	2024	April	13	0	0
M	80–84	2024	Maj	13	0	0
M	80–84	2024	Juni	26	0	0
M	80–84	2024	Juli	73	0	0
M	80–84	2024	Augusti	126	0	0
M	85+	2022	Januari	364	0	0
M	85+	2022	Februari	532	0	3
M	85+	2022	Mars	346	0	0
M	85+	2022	April	152	0	1
M	85+	2022	Maj	82	0	0
M	85+	2022	Juni	93	0	0
M	85+	2022	Juli	251	0	0
M	85+	2022	Augusti	284	1	0
M	85+	2022	September	224	1	1
M	85+	2022	Oktober	186	0	1
M	85+	2022	November	222	0	1
M	85+	2022	December	587	1	1
M	85+	2023	Januari	373	0	1
M	85+	2023	Februari	92	0	0
M	85+	2023	Mars	163	0	0
M	85+	2023	April	209	0	0
M	85+	2023	Maj	188	1	0
M	85+	2023	Juni	100	0	0
M	85+	2023	Juli	39	0	0
M	85+	2023	Augusti	79	0	0
M	85+	2023	September	133	0	0
M	85+	2023	Oktober	264	0	0
M	85+	2023	November	669	1	0
M	85+	2023	December	423	0	0
M	85+	2024	Januari	191	0	0
M	85+	2024	Februari	46	0	0
M	85+	2024	Mars	10	0	0
M	85+	2024	April	14	0	0
M	85+	2024	Maj	27	0	0
M	85+	2024	Juni	39	0	0
M	85+	2024	Juli	89	1	0
M	85+	2024	Augusti	184	1	0
F	0–4	2022	Januari	147	0	0
F	0–4	2022	Februari	147	0	0
F	0–4	2022	Mars	34	0	0
F	0–4	2022	April	25	0	0
F	0–4	2022	Maj	13	0	0
F	0–4	2022	Juni	17	0	0
F	0–4	2022	Juli	30	0	0
F	0–4	2022	Augusti	35	0	0
F	0–4	2022	September	23	0	0
F	0–4	2022	Oktober	23	0	0
F	0–4	2022	November	30	0	0
F	0–4	2022	December	58	0	0
F	0–4	2023	Januari	16	0	0
F	0–4	2023	Februari	8	0	0
F	0–4	2023	Mars	14	0	0
F	0–4	2023	April	18	0	0
F	0–4	2023	Maj	8	0	0
F	0–4	2023	Juni	5	0	0
F	0–4	2023	Juli	5	0	0
F	0–4	2023	Augusti	5	0	0
F	0–4	2023	September	14	0	0
F	0–4	2023	Oktober	19	1	0
F	0–4	2023	November	53	0	0
F	0–4	2023	December	62	0	0
F	0–4	2024	Januari	25	0	0
F	0–4	2024	Februari	5	0	0
F	0–4	2024	Mars	4	0	0
F	0–4	2024	April	4	0	0
F	0–4	2024	Maj	5	0	0
F	0–4	2024	Juni	6	0	0
F	0–4	2024	Juli	7	0	0
F	0–4	2024	Augusti	16	0	0
F	5–9	2022	Januari	32	0	0
F	5–9	2022	Februari	27	0	0
F	5–9	2022	Mars	7	0	0
F	5–9	2022	April	1	0	0
F	5–9	2022	Maj	2	0	0
F	5–9	2022	Juni	1	0	0
F	5–9	2022	Juli	3	0	0
F	5–9	2022	Augusti	6	0	0
F	5–9	2022	September	4	0	0
F	5–9	2022	Oktober	1	0	0
F	5–9	2022	November	7	0	0
F	5–9	2022	December	2	0	0
F	5–9	2023	Januari	3	0	0
F	5–9	2023	Februari	0	0	0
F	5–9	2023	Mars	2	0	0
F	5–9	2023	April	1	0	0
F	5–9	2023	Maj	0	0	0
F	5–9	2023	Juni	0	0	0
F	5–9	2023	Juli	0	0	0
F	5–9	2023	Augusti	0	0	0
F	5–9	2023	September	0	0	0
F	5–9	2023	Oktober	1	0	0
F	5–9	2023	November	1	0	0
F	5–9	2023	December	1	0	0
F	5–9	2024	Januari	0	0	0
F	5–9	2024	Februari	2	0	0
F	5–9	2024	Mars	0	0	0
F	5–9	2024	April	0	0	0
F	5–9	2024	Maj	0	0	0
F	5–9	2024	Juni	1	0	0
F	5–9	2024	Juli	2	0	0
F	5–9	2024	Augusti	0	0	0
F	10–14	2022	Januari	15	0	0
F	10–14	2022	Februari	13	0	0
F	10–14	2022	Mars	2	0	0
F	10–14	2022	April	1	0	0
F	10–14	2022	Maj	0	0	0
F	10–14	2022	Juni	1	0	0
F	10–14	2022	Juli	6	0	0
F	10–14	2022	Augusti	1	0	0
F	10–14	2022	September	4	0	0
F	10–14	2022	Oktober	2	0	0
F	10–14	2022	November	5	0	0
F	10–14	2022	December	6	0	0
F	10–14	2023	Januari	1	0	0
F	10–14	2023	Februari	2	0	0
F	10–14	2023	Mars	1	0	0
F	10–14	2023	April	0	0	0
F	10–14	2023	Maj	1	0	0
F	10–14	2023	Juni	0	0	0
F	10–14	2023	Juli	0	0	0
F	10–14	2023	Augusti	0	0	0
F	10–14	2023	September	1	0	0
F	10–14	2023	Oktober	2	0	0
F	10–14	2023	November	2	0	0
F	10–14	2023	December	8	0	0
F	10–14	2024	Januari	0	0	0
F	10–14	2024	Februari	0	0	0
F	10–14	2024	Mars	0	0	0
F	10–14	2024	April	0	0	0
F	10–14	2024	Maj	0	0	0
F	10–14	2024	Juni	0	0	0
F	10–14	2024	Juli	0	0	0
F	10–14	2024	Augusti	0	0	0
F	15–19	2022	Januari	24	0	0
F	15–19	2022	Februari	6	0	1
F	15–19	2022	Mars	4	0	0
F	15–19	2022	April	0	0	0
F	15–19	2022	Maj	0	0	0
F	15–19	2022	Juni	3	0	0
F	15–19	2022	Juli	4	0	0
F	15–19	2022	Augusti	7	0	0
F	15–19	2022	September	0	0	0
F	15–19	2022	Oktober	4	0	0
F	15–19	2022	November	0	0	0
F	15–19	2022	December	7	0	0
F	15–19	2023	Januari	3	0	0
F	15–19	2023	Februari	0	0	0
F	15–19	2023	Mars	1	0	0
F	15–19	2023	April	1	0	0
F	15–19	2023	Maj	1	0	0
F	15–19	2023	Juni	1	0	0
F	15–19	2023	Juli	1	0	0
F	15–19	2023	Augusti	0	0	0
F	15–19	2023	September	4	0	0
F	15–19	2023	Oktober	1	0	0
F	15–19	2023	November	3	0	0
F	15–19	2023	December	5	0	0
F	15–19	2024	Januari	1	0	0
F	15–19	2024	Februari	1	0	0
F	15–19	2024	Mars	0	0	0
F	15–19	2024	April	0	0	0
F	15–19	2024	Maj	1	0	0
F	15–19	2024	Juni	1	0	0
F	15–19	2024	Juli	2	0	0
F	15–19	2024	Augusti	2	0	0
F	20–24	2022	Januari	38	0	0
F	20–24	2022	Februari	21	0	0
F	20–24	2022	Mars	7	0	0
F	20–24	2022	April	1	0	1
F	20–24	2022	Maj	2	0	0
F	20–24	2022	Juni	9	0	0
F	20–24	2022	Juli	7	0	0
F	20–24	2022	Augusti	0	0	0
F	20–24	2022	September	7	0	0
F	20–24	2022	Oktober	1	0	0
F	20–24	2022	November	1	0	0
F	20–24	2022	December	6	0	0
F	20–24	2023	Januari	3	0	0
F	20–24	2023	Februari	2	0	0
F	20–24	2023	Mars	3	0	0
F	20–24	2023	April	3	0	0
F	20–24	2023	Maj	1	0	0
F	20–24	2023	Juni	1	0	0
F	20–24	2023	Juli	0	0	0
F	20–24	2023	Augusti	2	0	0
F	20–24	2023	September	4	0	0
F	20–24	2023	Oktober	5	0	0
F	20–24	2023	November	5	0	0
F	20–24	2023	December	2	0	0
F	20–24	2024	Januari	0	0	0
F	20–24	2024	Februari	0	0	0
F	20–24	2024	Mars	0	0	0
F	20–24	2024	April	0	0	0
F	20–24	2024	Maj	0	0	0
F	20–24	2024	Juni	1	0	0
F	20–24	2024	Juli	4	0	0
F	20–24	2024	Augusti	3	0	0
F	25–29	2022	Januari	53	0	0
F	25–29	2022	Februari	31	0	0
F	25–29	2022	Mars	12	0	0
F	25–29	2022	April	2	0	0
F	25–29	2022	Maj	1	0	0
F	25–29	2022	Juni	6	0	0
F	25–29	2022	Juli	7	0	0
F	25–29	2022	Augusti	8	0	0
F	25–29	2022	September	5	0	0
F	25–29	2022	Oktober	6	0	0
F	25–29	2022	November	6	0	0
F	25–29	2022	December	14	0	0
F	25–29	2023	Januari	4	0	0
F	25–29	2023	Februari	1	0	0
F	25–29	2023	Mars	4	0	0
F	25–29	2023	April	0	0	0
F	25–29	2023	Maj	0	0	0
F	25–29	2023	Juni	0	0	0
F	25–29	2023	Juli	0	0	0
F	25–29	2023	Augusti	2	0	0
F	25–29	2023	September	4	0	0
F	25–29	2023	Oktober	5	0	0
F	25–29	2023	November	9	0	0
F	25–29	2023	December	9	0	0
F	25–29	2024	Januari	0	0	0
F	25–29	2024	Februari	0	0	0
F	25–29	2024	Mars	0	0	0
F	25–29	2024	April	0	0	0
F	25–29	2024	Maj	2	0	0
F	25–29	2024	Juni	1	0	0
F	25–29	2024	Juli	2	0	0
F	25–29	2024	Augusti	2	0	0
F	30–34	2022	Januari	81	0	0
F	30–34	2022	Februari	30	0	1
F	30–34	2022	Mars	17	0	0
F	30–34	2022	April	5	0	1
F	30–34	2022	Maj	3	0	0
F	30–34	2022	Juni	10	0	0
F	30–34	2022	Juli	11	0	0
F	30–34	2022	Augusti	9	0	0
F	30–34	2022	September	6	0	0
F	30–34	2022	Oktober	8	0	0
F	30–34	2022	November	2	0	0
F	30–34	2022	December	12	0	0
F	30–34	2023	Januari	7	0	0
F	30–34	2023	Februari	1	0	0
F	30–34	2023	Mars	4	0	0
F	30–34	2023	April	6	0	0
F	30–34	2023	Maj	3	0	0
F	30–34	2023	Juni	2	0	0
F	30–34	2023	Juli	1	0	0
F	30–34	2023	Augusti	0	0	0
F	30–34	2023	September	4	0	0
F	30–34	2023	Oktober	11	0	0
F	30–34	2023	November	11	0	0
F	30–34	2023	December	9	0	0
F	30–34	2024	Januari	3	0	0
F	30–34	2024	Februari	0	0	0
F	30–34	2024	Mars	1	0	0
F	30–34	2024	April	1	0	0
F	30–34	2024	Maj	0	0	0
F	30–34	2024	Juni	1	0	0
F	30–34	2024	Juli	5	0	0
F	30–34	2024	Augusti	6	0	0
F	35–39	2022	Januari	73	1	0
F	35–39	2022	Februari	45	0	0
F	35–39	2022	Mars	7	0	1
F	35–39	2022	April	3	0	0
F	35–39	2022	Maj	4	0	0
F	35–39	2022	Juni	4	0	0
F	35–39	2022	Juli	6	0	0
F	35–39	2022	Augusti	9	0	0
F	35–39	2022	September	5	0	0
F	35–39	2022	Oktober	4	0	0
F	35–39	2022	November	8	0	0
F	35–39	2022	December	9	0	0
F	35–39	2023	Januari	5	0	0
F	35–39	2023	Februari	5	0	0
F	35–39	2023	Mars	8	0	0
F	35–39	2023	April	2	0	0
F	35–39	2023	Maj	6	0	0
F	35–39	2023	Juni	1	0	0
F	35–39	2023	Juli	1	0	0
F	35–39	2023	Augusti	1	0	0
F	35–39	2023	September	3	0	0
F	35–39	2023	Oktober	8	0	0
F	35–39	2023	November	12	0	0
F	35–39	2023	December	9	0	1
F	35–39	2024	Januari	3	0	0
F	35–39	2024	Februari	1	0	0
F	35–39	2024	Mars	0	0	0
F	35–39	2024	April	0	0	0
F	35–39	2024	Maj	1	0	0
F	35–39	2024	Juni	0	0	0
F	35–39	2024	Juli	2	0	0
F	35–39	2024	Augusti	1	0	0
F	40–44	2022	Januari	64	0	1
F	40–44	2022	Februari	40	2	0
F	40–44	2022	Mars	11	1	0
F	40–44	2022	April	7	0	0
F	40–44	2022	Maj	1	0	0
F	40–44	2022	Juni	5	0	0
F	40–44	2022	Juli	8	0	0
F	40–44	2022	Augusti	13	0	0
F	40–44	2022	September	3	0	0
F	40–44	2022	Oktober	9	0	0
F	40–44	2022	November	3	0	0
F	40–44	2022	December	13	0	0
F	40–44	2023	Januari	3	0	0
F	40–44	2023	Februari	5	0	0
F	40–44	2023	Mars	3	0	0
F	40–44	2023	April	2	0	0
F	40–44	2023	Maj	3	0	0
F	40–44	2023	Juni	1	0	0
F	40–44	2023	Juli	1	0	0
F	40–44	2023	Augusti	2	0	0
F	40–44	2023	September	4	0	0
F	40–44	2023	Oktober	5	0	0
F	40–44	2023	November	8	0	0
F	40–44	2023	December	17	0	0
F	40–44	2024	Januari	1	0	0
F	40–44	2024	Februari	2	0	0
F	40–44	2024	Mars	1	0	1
F	40–44	2024	April	1	0	1
F	40–44	2024	Maj	1	0	0
F	40–44	2024	Juni	0	0	0
F	40–44	2024	Juli	2	0	0
F	40–44	2024	Augusti	4	0	0
F	45–49	2022	Januari	70	0	2
F	45–49	2022	Februari	33	1	1
F	45–49	2022	Mars	14	0	0
F	45–49	2022	April	7	0	0
F	45–49	2022	Maj	2	0	0
F	45–49	2022	Juni	4	0	1
F	45–49	2022	Juli	16	0	0
F	45–49	2022	Augusti	13	0	0
F	45–49	2022	September	11	0	0
F	45–49	2022	Oktober	11	0	0
F	45–49	2022	November	7	0	0
F	45–49	2022	December	16	1	0
F	45–49	2023	Januari	6	0	0
F	45–49	2023	Februari	0	0	0
F	45–49	2023	Mars	3	0	0
F	45–49	2023	April	10	0	0
F	45–49	2023	Maj	3	0	0
F	45–49	2023	Juni	2	0	0
F	45–49	2023	Juli	2	0	0
F	45–49	2023	Augusti	6	0	0
F	45–49	2023	September	4	0	0
F	45–49	2023	Oktober	7	0	0
F	45–49	2023	November	11	0	0
F	45–49	2023	December	11	0	1
F	45–49	2024	Januari	0	0	0
F	45–49	2024	Februari	2	0	0
F	45–49	2024	Mars	2	0	0
F	45–49	2024	April	0	0	0
F	45–49	2024	Maj	1	0	0
F	45–49	2024	Juni	1	0	0
F	45–49	2024	Juli	4	0	0
F	45–49	2024	Augusti	5	0	0
F	50–54	2022	Januari	77	0	0
F	50–54	2022	Februari	60	0	1
F	50–54	2022	Mars	26	0	1
F	50–54	2022	April	9	0	0
F	50–54	2022	Maj	7	0	0
F	50–54	2022	Juni	4	0	0
F	50–54	2022	Juli	10	0	0
F	50–54	2022	Augusti	17	0	0
F	50–54	2022	September	9	0	0
F	50–54	2022	Oktober	9	0	0
F	50–54	2022	November	15	0	0
F	50–54	2022	December	25	0	1
F	50–54	2023	Januari	15	0	0
F	50–54	2023	Februari	3	0	0
F	50–54	2023	Mars	8	0	0
F	50–54	2023	April	3	0	0
F	50–54	2023	Maj	8	0	0
F	50–54	2023	Juni	5	0	0
F	50–54	2023	Juli	4	0	0
F	50–54	2023	Augusti	4	0	0
F	50–54	2023	September	10	0	1
F	50–54	2023	Oktober	12	0	0
F	50–54	2023	November	28	0	0
F	50–54	2023	December	25	0	0
F	50–54	2024	Januari	4	0	0
F	50–54	2024	Februari	1	0	0
F	50–54	2024	Mars	1	0	0
F	50–54	2024	April	0	0	0
F	50–54	2024	Maj	0	0	0
F	50–54	2024	Juni	1	0	0
F	50–54	2024	Juli	8	0	0
F	50–54	2024	Augusti	7	0	0
F	55–59	2022	Januari	107	0	1
F	55–59	2022	Februari	83	0	2
F	55–59	2022	Mars	41	0	3
F	55–59	2022	April	20	0	1
F	55–59	2022	Maj	16	0	0
F	55–59	2022	Juni	10	0	0
F	55–59	2022	Juli	21	0	1
F	55–59	2022	Augusti	21	0	0
F	55–59	2022	September	27	0	0
F	55–59	2022	Oktober	26	0	0
F	55–59	2022	November	31	0	0
F	55–59	2022	December	34	0	0
F	55–59	2023	Januari	30	0	2
F	55–59	2023	Februari	3	0	0
F	55–59	2023	Mars	15	0	0
F	55–59	2023	April	12	0	1
F	55–59	2023	Maj	9	0	0
F	55–59	2023	Juni	6	0	0
F	55–59	2023	Juli	4	0	0
F	55–59	2023	Augusti	7	0	0
F	55–59	2023	September	8	0	0
F	55–59	2023	Oktober	11	0	0
F	55–59	2023	November	40	0	0
F	55–59	2023	December	38	0	0
F	55–59	2024	Januari	17	0	0
F	55–59	2024	Februari	5	0	0
F	55–59	2024	Mars	1	0	0
F	55–59	2024	April	1	0	0
F	55–59	2024	Maj	2	0	0
F	55–59	2024	Juni	6	0	0
F	55–59	2024	Juli	3	0	0
F	55–59	2024	Augusti	11	0	0
F	60–64	2022	Januari	147	0	1
F	60–64	2022	Februari	117	1	2
F	60–64	2022	Mars	47	2	1
F	60–64	2022	April	18	0	0
F	60–64	2022	Maj	16	0	0
F	60–64	2022	Juni	14	0	0
F	60–64	2022	Juli	29	1	0
F	60–64	2022	Augusti	37	0	0
F	60–64	2022	September	18	0	0
F	60–64	2022	Oktober	21	0	0
F	60–64	2022	November	26	0	0
F	60–64	2022	December	45	0	0
F	60–64	2023	Januari	24	0	1
F	60–64	2023	Februari	7	0	0
F	60–64	2023	Mars	17	0	0
F	60–64	2023	April	19	0	0
F	60–64	2023	Maj	16	0	0
F	60–64	2023	Juni	13	0	0
F	60–64	2023	Juli	7	0	0
F	60–64	2023	Augusti	6	0	0
F	60–64	2023	September	23	0	0
F	60–64	2023	Oktober	20	0	0
F	60–64	2023	November	55	0	0
F	60–64	2023	December	43	0	0
F	60–64	2024	Januari	11	0	0
F	60–64	2024	Februari	7	0	0
F	60–64	2024	Mars	1	0	0
F	60–64	2024	April	0	0	0
F	60–64	2024	Maj	3	0	0
F	60–64	2024	Juni	2	0	0
F	60–64	2024	Juli	9	0	0
F	60–64	2024	Augusti	19	0	0
F	65–69	2022	Januari	109	0	0
F	65–69	2022	Februari	105	1	0
F	65–69	2022	Mars	63	0	1
F	65–69	2022	April	35	0	0
F	65–69	2022	Maj	19	0	0
F	65–69	2022	Juni	16	0	0
F	65–69	2022	Juli	41	0	0
F	65–69	2022	Augusti	53	0	0
F	65–69	2022	September	37	0	0
F	65–69	2022	Oktober	36	0	0
F	65–69	2022	November	36	0	0
F	65–69	2022	December	64	0	0
F	65–69	2023	Januari	39	0	0
F	65–69	2023	Februari	5	0	0
F	65–69	2023	Mars	20	0	0
F	65–69	2023	April	21	0	0
F	65–69	2023	Maj	33	0	0
F	65–69	2023	Juni	16	0	0
F	65–69	2023	Juli	5	0	0
F	65–69	2023	Augusti	23	0	0
F	65–69	2023	September	18	0	0
F	65–69	2023	Oktober	32	0	0
F	65–69	2023	November	95	0	0
F	65–69	2023	December	58	0	0
F	65–69	2024	Januari	18	0	0
F	65–69	2024	Februari	5	0	0
F	65–69	2024	Mars	2	0	0
F	65–69	2024	April	2	0	0
F	65–69	2024	Maj	3	0	0
F	65–69	2024	Juni	4	0	0
F	65–69	2024	Juli	9	0	0
F	65–69	2024	Augusti	17	0	0
F	70–74	2022	Januari	167	0	0
F	70–74	2022	Februari	159	0	0
F	70–74	2022	Mars	92	1	0
F	70–74	2022	April	48	0	0
F	70–74	2022	Maj	15	0	0
F	70–74	2022	Juni	25	0	0
F	70–74	2022	Juli	61	0	0
F	70–74	2022	Augusti	54	1	0
F	70–74	2022	September	65	0	0
F	70–74	2022	Oktober	56	1	0
F	70–74	2022	November	72	0	0
F	70–74	2022	December	155	0	0
F	70–74	2023	Januari	81	0	0
F	70–74	2023	Februari	17	0	0
F	70–74	2023	Mars	38	0	0
F	70–74	2023	April	54	0	0
F	70–74	2023	Maj	47	0	0
F	70–74	2023	Juni	24	0	0
F	70–74	2023	Juli	13	0	0
F	70–74	2023	Augusti	13	0	0
F	70–74	2023	September	44	0	0
F	70–74	2023	Oktober	54	0	0
F	70–74	2023	November	155	0	0
F	70–74	2023	December	112	0	0
F	70–74	2024	Januari	31	0	0
F	70–74	2024	Februari	8	0	0
F	70–74	2024	Mars	6	0	0
F	70–74	2024	April	3	0	0
F	70–74	2024	Maj	3	0	0
F	70–74	2024	Juni	6	0	0
F	70–74	2024	Juli	22	0	0
F	70–74	2024	Augusti	41	0	0
F	75–79	2022	Januari	211	0	0
F	75–79	2022	Februari	216	0	2
F	75–79	2022	Mars	158	2	0
F	75–79	2022	April	67	1	1
F	75–79	2022	Maj	34	0	0
F	75–79	2022	Juni	38	0	0
F	75–79	2022	Juli	97	0	0
F	75–79	2022	Augusti	112	1	0
F	75–79	2022	September	108	0	1
F	75–79	2022	Oktober	100	0	0
F	75–79	2022	November	99	0	0
F	75–79	2022	December	226	0	0
F	75–79	2023	Januari	159	0	1
F	75–79	2023	Februari	34	0	0
F	75–79	2023	Mars	58	0	0
F	75–79	2023	April	102	0	0
F	75–79	2023	Maj	81	0	0
F	75–79	2023	Juni	53	0	0
F	75–79	2023	Juli	19	0	0
F	75–79	2023	Augusti	31	0	0
F	75–79	2023	September	69	0	0
F	75–79	2023	Oktober	132	0	0
F	75–79	2023	November	322	0	0
F	75–79	2023	December	212	0	0
F	75–79	2024	Januari	58	0	0
F	75–79	2024	Februari	17	0	0
F	75–79	2024	Mars	5	0	0
F	75–79	2024	April	8	0	0
F	75–79	2024	Maj	10	0	0
F	75–79	2024	Juni	13	0	0
F	75–79	2024	Juli	29	0	0
F	75–79	2024	Augusti	79	0	0
F	80–84	2022	Januari	162	0	0
F	80–84	2022	Februari	244	1	1
F	80–84	2022	Mars	157	1	1
F	80–84	2022	April	74	0	1
F	80–84	2022	Maj	38	0	0
F	80–84	2022	Juni	50	0	1
F	80–84	2022	Juli	111	0	1
F	80–84	2022	Augusti	113	0	0
F	80–84	2022	September	115	0	0
F	80–84	2022	Oktober	82	0	0
F	80–84	2022	November	114	0	0
F	80–84	2022	December	263	0	0
F	80–84	2023	Januari	158	0	0
F	80–84	2023	Februari	52	0	0
F	80–84	2023	Mars	67	0	0
F	80–84	2023	April	126	0	0
F	80–84	2023	Maj	87	0	0
F	80–84	2023	Juni	41	0	1
F	80–84	2023	Juli	23	0	0
F	80–84	2023	Augusti	37	0	0
F	80–84	2023	September	60	0	0
F	80–84	2023	Oktober	141	0	1
F	80–84	2023	November	313	0	0
F	80–84	2023	December	264	0	0
F	80–84	2024	Januari	91	0	0
F	80–84	2024	Februari	20	0	0
F	80–84	2024	Mars	13	0	0
F	80–84	2024	April	2	0	0
F	80–84	2024	Maj	10	0	0
F	80–84	2024	Juni	9	0	0
F	80–84	2024	Juli	48	0	0
F	80–84	2024	Augusti	81	0	0
F	85+	2022	Januari	367	1	0
F	85+	2022	Februari	551	1	0
F	85+	2022	Mars	304	1	2
F	85+	2022	April	134	0	0
F	85+	2022	Maj	56	0	1
F	85+	2022	Juni	67	0	0
F	85+	2022	Juli	213	0	0
F	85+	2022	Augusti	248	1	0
F	85+	2022	September	180	1	1
F	85+	2022	Oktober	163	0	1
F	85+	2022	November	206	1	0
F	85+	2022	December	536	1	2
F	85+	2023	Januari	379	0	1
F	85+	2023	Februari	77	0	0
F	85+	2023	Mars	134	0	0
F	85+	2023	April	210	0	0
F	85+	2023	Maj	176	0	0
F	85+	2023	Juni	88	0	0
F	85+	2023	Juli	26	0	0
F	85+	2023	Augusti	61	0	0
F	85+	2023	September	125	1	0
F	85+	2023	Oktober	190	1	0
F	85+	2023	November	603	0	1
F	85+	2023	December	406	2	0
F	85+	2024	Januari	184	1	0
F	85+	2024	Februari	39	0	0
F	85+	2024	Mars	12	0	0
F	85+	2024	April	15	0	0
F	85+	2024	Maj	22	0	0
F	85+	2024	Juni	27	0	0
F	85+	2024	Juli	88	0	0
F	85+	2024	Augusti	143	0	0
